Datetime,Water Level (m)
2026-04-18 00:00:00,0.15348
2026-04-18 01:00:00,-0.036281567
2026-04-18 02:00:00,-0.21812868
2026-04-18 03:00:00,-0.36783016
2026-04-18 04:00:00,-0.44237772
2026-04-18 05:00:00,-0.2928114
2026-04-18 06:00:00,-0.0651331
2026-04-18 07:00:00,0.20637944
2026-04-18 08:00:00,0.5041405
2026-04-18 09:00:00,0.71143675
2026-04-18 10:00:00,0.72899735
2026-04-18 11:00:00,0.5677241
2026-04-18 12:00:00,0.39348975
2026-04-18 13:00:00,0.19371614
2026-04-18 14:00:00,-0.004909915
2026-04-18 15:00:00,-0.18373051
2026-04-18 16:00:00,-0.31351656
2026-04-18 17:00:00,-0.24726307
2026-04-18 18:00:00,-0.045577813
2026-04-18 19:00:00,0.18856454
2026-04-18 20:00:00,0.44239616
2026-04-18 21:00:00,0.629084
2026-04-18 22:00:00,0.6152704
2026-04-18 23:00:00,0.45667577
2026-04-19 00:00:00,0.2875327
2026-04-19 01:00:00,0.09106315
2026-04-19 02:00:00,-0.09347813
2026-04-19 03:00:00,-0.270062
2026-04-19 04:00:00,-0.40065584
2026-04-19 05:00:00,-0.3865536
2026-04-19 06:00:00,-0.17843412
2026-04-19 07:00:00,0.078135155
2026-04-19 08:00:00,0.37659422
2026-04-19 09:00:00,0.6604473
2026-04-19 10:00:00,0.8095526
2026-04-19 11:00:00,0.7346034
2026-04-19 12:00:00,0.5657589
2026-04-19 13:00:00,0.3775338
2026-04-19 14:00:00,0.17374195
2026-04-19 15:00:00,-0.01913866
2026-04-19 16:00:00,-0.18802938
2026-04-19 17:00:00,-0.27380422
2026-04-19 18:00:00,-0.13114354
2026-04-19 19:00:00,0.08420922
2026-04-19 20:00:00,0.32105672
2026-04-19 21:00:00,0.57833683
2026-04-19 22:00:00,0.70260286
2026-04-19 23:00:00,0.61361086
2026-04-20 00:00:00,0.4539021
2026-04-20 01:00:00,0.27375352
2026-04-20 02:00:00,0.078765616
2026-04-20 03:00:00,-0.10164897
2026-04-20 04:00:00,-0.26659998
2026-04-20 05:00:00,-0.3587041
2026-04-20 06:00:00,-0.2360255
2026-04-20 07:00:00,-0.009083207
2026-04-20 08:00:00,0.254562
2026-04-20 09:00:00,0.5769798
2026-04-20 10:00:00,0.82270676
2026-04-20 11:00:00,0.9115361
2026-04-20 12:00:00,0.7788977
2026-04-20 13:00:00,0.60427904
2026-04-20 14:00:00,0.4038245
2026-04-20 15:00:00,0.19858168
2026-04-20 16:00:00,0.0076792557
2026-04-20 17:00:00,-0.14063881
2026-04-20 18:00:00,-0.14931457
2026-04-20 19:00:00,0.03190034
2026-04-20 20:00:00,0.23470284
2026-04-20 21:00:00,0.4617131
2026-04-20 22:00:00,0.6537135
2026-04-20 23:00:00,0.6801086
2026-04-21 00:00:00,0.54020983
2026-04-21 01:00:00,0.38296196
2026-04-21 02:00:00,0.20191407
2026-04-21 03:00:00,0.017554918
2026-04-21 04:00:00,-0.14587699
2026-04-21 05:00:00,-0.2870616
2026-04-21 06:00:00,-0.30318496
2026-04-21 07:00:00,-0.12072794
2026-04-21 08:00:00,0.10446141
2026-04-21 09:00:00,0.36390665
2026-04-21 10:00:00,0.6480633
2026-04-21 11:00:00,0.8315277
2026-04-21 12:00:00,0.83362335
2026-04-21 13:00:00,0.6769159
2026-04-21 14:00:00,0.50582594
2026-04-21 15:00:00,0.31244215
2026-04-21 16:00:00,0.119334094
2026-04-21 17:00:00,-0.04286577
2026-04-21 18:00:00,-0.15521935
2026-04-21 19:00:00,-0.0905491
2026-04-21 20:00:00,0.08720091
2026-04-21 21:00:00,0.28391755
2026-04-21 22:00:00,0.47724828
2026-04-21 23:00:00,0.6221773
2026-04-22 00:00:00,0.5862533
2026-04-22 01:00:00,0.4502268
2026-04-22 02:00:00,0.29561564
2026-04-22 03:00:00,0.12210718
2026-04-22 04:00:00,-0.044256274
2026-04-22 05:00:00,-0.1931716
2026-04-22 06:00:00,-0.29936683
2026-04-22 07:00:00,-0.24549809
2026-04-22 08:00:00,-0.061604556
2026-04-22 09:00:00,0.15432246
2026-04-22 10:00:00,0.39238763
2026-04-22 11:00:00,0.6350476
2026-04-22 12:00:00,0.7706275
2026-04-22 13:00:00,0.7286188
2026-04-22 14:00:00,0.58094585
2026-04-22 15:00:00,0.41606933
2026-04-22 16:00:00,0.23751232
2026-04-22 17:00:00,0.064890854
2026-04-22 18:00:00,-0.08030784
2026-04-22 19:00:00,-0.16528986
2026-04-22 20:00:00,-0.09715757
2026-04-22 21:00:00,0.05350646
2026-04-22 22:00:00,0.21316613
2026-04-22 23:00:00,0.36537853
2026-04-23 00:00:00,0.44045603
2026-04-23 01:00:00,0.38795307
2026-04-23 02:00:00,0.27335373
2026-04-23 03:00:00,0.13608402
2026-04-23 04:00:00,-0.009731247
2026-04-23 05:00:00,-0.14697467
2026-04-23 06:00:00,-0.26679716
2026-04-23 07:00:00,-0.32152605
2026-04-23 08:00:00,-0.22295292
2026-04-23 09:00:00,-0.057026025
2026-04-23 10:00:00,0.14294341
2026-04-23 11:00:00,0.34811965
2026-04-23 12:00:00,0.5507098
2026-04-23 13:00:00,0.6543987
2026-04-23 14:00:00,0.603322
2026-04-23 15:00:00,0.4753793
2026-04-23 16:00:00,0.324442
2026-04-23 17:00:00,0.1641877
2026-04-23 18:00:00,0.008983639
2026-04-23 19:00:00,-0.120179035
2026-04-23 20:00:00,-0.19980307
2026-04-23 21:00:00,-0.17323788
2026-04-23 22:00:00,-0.05991714
2026-04-23 23:00:00,0.07154889
2026-04-24 00:00:00,0.18968111
